Gender,Age,Country,Country2,First time here?,Staff were friendly,Food came on time,Food was nice,Favourite course,Overall score (1-10)
M,50,Albania,Albania,Yes,Strongly agree,Strongly agree,Disagree,Starter,7
F,36,Albania,Albania,No,Agree,Strongly disagree,Neutral,Main,7
F,44,Andorra,Albania,No,Neutral,Agree,Strongly agree,Dessert,7
M,36,Andorra,Albania,Yes,Disagree,Strongly agree,Agree,Dessert,6
F,45,Andorra,Andorra,Yes,Strongly disagree,Strongly disagree,Agree,Dessert,2
M,48,Armenia,Armenia,No,Agree,Disagree,Strongly agree,Main,6
M,40,Armenia,Austria,Yes,Agree,Neutral,Strongly agree,Dessert,6
F,50,Armenia,Azerbaijan,Yes,Strongly agree,Agree,Disagree,Dessert,6
F,45,Armenia,Azerbaijan,Yes,Strongly agree,Strongly agree,Agree,Starter,9
F,40,Armenia,Belarus,Yes,Disagree,Disagree,Strongly agree,Main,4
M,27,Armenia,Belgium,Yes,Strongly agree,Strongly agree,Agree,Starter,9
F,62,Armenia,Belgium,Yes,Neutral,Disagree,Strongly agree,Dessert,5
NB,48,Armenia,Belgium,Yes,Agree,Strongly disagree,Neutral,Starter,4
M,49,Armenia,Belgium,Yes,Neutral,Disagree,Agree,Dessert,5
F,45,Armenia,Belgium,Yes,Neutral,Strongly agree,Strongly agree,Starter,8
M,55,Armenia,Belgium,Yes,Strongly agree,Strongly disagree,Strongly agree,Dessert,6
M,42,Armenia,Belgium,Yes,Agree,Disagree,Disagree,Dessert,3
F,49,Armenia,Belgium,No,Strongly agree,Strongly agree,Disagree,Main,6
F,37,Bosnia and Herzegovina,Bosnia and Herzegovina,No,Strongly agree,Agree,Strongly agree,Dessert,8
F,36,Bosnia and Herzegovina,Bulgaria,Yes,Agree,Strongly agree,Strongly agree,Main,8
M,34,Bosnia and Herzegovina,Bulgaria,Yes,Strongly disagree,Agree,Strongly agree,Starter,5
F,31,Bosnia and Herzegovina,Bulgaria,No,Agree,Strongly agree,Agree,Dessert,7
F,55,Bosnia and Herzegovina,Bulgaria,Yes,Agree,Strongly agree,Agree,Dessert,7
M,25,Bosnia and Herzegovina,Bulgaria,No,Strongly agree,Agree,Agree,Dessert,7
F,54,Bosnia and Herzegovina,Bulgaria,Yes,Strongly agree,Agree,Strongly agree,Dessert,10
M,53,Bosnia and Herzegovina,Bulgaria,No,Agree,Neutral,Strongly agree,Dessert,5
M,43,Bosnia and Herzegovina,Bulgaria,No,Disagree,Disagree,Strongly agree,Dessert,4
F,45,Bosnia and Herzegovina,Bulgaria,Yes,Agree,Strongly disagree,Strongly agree,Main,6
F,56,Bosnia and Herzegovina,Bulgaria,Yes,Strongly agree,Disagree,Neutral,Dessert,4
F,50,Bosnia and Herzegovina,Bulgaria,No,Strongly agree,Strongly disagree,Strongly agree,Dessert,7
M,47,Bosnia and Herzegovina,Bulgaria,Yes,Strongly agree,Neutral,Agree,Main,9
F,28,Bosnia and Herzegovina,Bulgaria,Yes,Strongly disagree,Disagree,Strongly disagree,Dessert,1
F,41,Bosnia and Herzegovina,Bulgaria,No,Disagree,Strongly agree,Agree,Dessert,5
M,32,Bosnia and Herzegovina,Bulgaria,Yes,Strongly agree,Strongly disagree,Agree,Dessert,7
F,48,Bosnia and Herzegovina,Bulgaria,Yes,Disagree,Strongly disagree,Strongly agree,Dessert,6
M,41,Bosnia and Herzegovina,Bulgaria,Yes,Agree,Disagree,Strongly agree,Dessert,6
M,38,Bosnia and Herzegovina,Bulgaria,Yes,Strongly agree,Strongly disagree,Neutral,Starter,5
F,39,Bosnia and Herzegovina,Bulgaria,Yes,Neutral,Strongly disagree,Agree,Main,6
F,36,Bosnia and Herzegovina,Bulgaria,Yes,Disagree,Strongly agree,Disagree,Dessert,3
F,45,Bosnia and Herzegovina,Bulgaria,No,Strongly agree,Neutral,Strongly agree,Dessert,6
M,51,Bosnia and Herzegovina,Bulgaria,Yes,Neutral,Disagree,Agree,Starter,5
F,23,Bulgaria,Bulgaria,Yes,Strongly disagree,Disagree,Neutral,Starter,2
F,48,Bulgaria,Bulgaria,No,Agree,Strongly agree,Agree,Main,7
M,32,Croatia,Croatia,No,Agree,Strongly agree,Strongly agree,Dessert,9
F,69,Croatia,Croatia,Yes,Neutral,Disagree,Agree,Main,6
M,57,Cyprus,Croatia,Yes,Disagree,Strongly agree,Agree,Dessert,7
NB,53,Cyprus,Croatia,No,Neutral,Agree,Strongly agree,Main,7
F,43,Cyprus,Croatia,No,Agree,Strongly disagree,Strongly agree,Main,6
F,47,Cyprus,Croatia,No,Agree,Disagree,Strongly agree,Main,8
F,27,Cyprus,Croatia,Yes,Strongly agree,Disagree,Agree,Dessert,7
M,46,Cyprus,Croatia,No,Agree,Disagree,Neutral,Dessert,6
F,30,Cyprus,Croatia,Yes,Strongly agree,Strongly agree,Neutral,Main,8
F,56,Cyprus,Croatia,Yes,Neutral,Disagree,Strongly agree,Starter,7
M,32,Cyprus,Croatia,Yes,Strongly agree,Disagree,Strongly agree,Dessert,8
F,38,Cyprus,Croatia,No,Strongly agree,Agree,Agree,Dessert,7
M,54,Cyprus,Croatia,Yes,Strongly agree,Disagree,Strongly agree,Dessert,8
M,46,Cyprus,Croatia,No,Agree,Strongly agree,Agree,Main,7
F,57,Cyprus,Croatia,No,Strongly disagree,Strongly agree,Agree,Dessert,6
F,35,Cyprus,Croatia,No,Agree,Strongly agree,Neutral,Dessert,7
F,44,Cyprus,Croatia,Yes,Strongly disagree,Strongly agree,Strongly agree,Dessert,10
M,57,Cyprus,Croatia,No,Strongly agree,Strongly agree,Agree,Dessert,9
F,31,Cyprus,Croatia,No,Agree,Strongly disagree,Agree,Starter,8
F,35,Cyprus,Croatia,Yes,Neutral,Strongly disagree,Neutral,Dessert,3
M,36,Cyprus,Croatia,Yes,Agree,Disagree,Neutral,Dessert,5
F,34,Cyprus,Croatia,Yes,Agree,Strongly agree,Strongly agree,Main,9
M,30,Cyprus,Croatia,Yes,Strongly agree,Strongly agree,Neutral,Starter,8
M,55,Cyprus,Croatia,No,Disagree,Disagree,Strongly agree,Dessert,6
F,50,Cyprus,Croatia,Yes,Agree,Strongly agree,Disagree,Dessert,6
NB,46,Cyprus,Croatia,Yes,Disagree,Strongly agree,Strongly agree,Dessert,9
F,40,Cyprus,Croatia,Yes,Strongly disagree,Neutral,Disagree,Starter,4
M,35,Cyprus,Croatia,No,Neutral,Strongly agree,Strongly agree,Dessert,8
F,48,Cyprus,Croatia,Yes,Agree,Strongly agree,Strongly agree,Main,10
F,58,Cyprus,Croatia,No,Strongly agree,Disagree,Strongly agree,Starter,9
M,39,Cyprus,Croatia,No,Strongly agree,Strongly agree,Neutral,Starter,7
F,67,Cyprus,Croatia,Yes,Agree,Disagree,Agree,Starter,7
M,32,Cyprus,Croatia,No,Strongly agree,Strongly agree,Agree,Starter,9
M,36,Cyprus,Croatia,Yes,Strongly agree,Strongly disagree,Neutral,Dessert,7
F,37,Cyprus,Croatia,Yes,Strongly agree,Strongly disagree,Strongly agree,Dessert,10
F,46,Cyprus,Croatia,Yes,Strongly agree,Neutral,Agree,Starter,7
F,39,Cyprus,Croatia,Yes,Strongly agree,Agree,Disagree,Dessert,5
M,46,Cyprus,Croatia,No,Strongly agree,Strongly agree,Agree,Main,9
F,42,Cyprus,Croatia,No,Agree,Strongly agree,Agree,Starter,8
F,43,Cyprus,Croatia,No,Agree,Agree,Disagree,Starter,6
M,48,Cyprus,Croatia,Yes,Strongly agree,Agree,Strongly agree,Dessert,4
F,46,Cyprus,Croatia,Yes,Strongly agree,Strongly disagree,Agree,Dessert,6
M,49,Cyprus,Croatia,Yes,Strongly agree,Strongly disagree,Strongly agree,Dessert,7
M,44,Cyprus,Croatia,No,Strongly agree,Agree,Strongly agree,Dessert,9
F,29,Cyprus,Croatia,No,Strongly agree,Strongly agree,Agree,Dessert,8
F,43,Cyprus,Croatia,Yes,Neutral,Agree,Strongly agree,Dessert,7
F,57,Cyprus,Croatia,Yes,Disagree,Strongly disagree,Strongly agree,Dessert,8
M,52,Cyprus,Croatia,Yes,Agree,Strongly disagree,Disagree,Dessert,4
F,50,Cyprus,Croatia,No,Disagree,Strongly agree,Agree,Starter,6
F,38,Cyprus,Cyprus,Yes,Strongly agree,Strongly agree,Disagree,Starter,7
M,20,Cyprus,Cyprus,Yes,Strongly agree,Strongly agree,Strongly agree,Main,10
F,48,Cyprus,Cyprus,Yes,Strongly agree,Disagree,Strongly agree,Dessert,9
M,19,Czech Republic,Czech Republic,No,Agree,Strongly disagree,Strongly agree,Dessert,8
M,35,Czech Republic,Czech Republic,Yes,Strongly agree,Disagree,Strongly agree,Dessert,9
F,54,Czech Republic,Czech Republic,No,Neutral,Strongly disagree,Strongly agree,Main,8
F,23,Czech Republic,Czech Republic,Yes,Neutral,Strongly disagree,Strongly agree,Main,8
M,31,Czech Republic,Czech Republic,No,Strongly agree,Strongly disagree,Disagree,Dessert,7
F,38,Czech Republic,Czech Republic,Yes,Strongly agree,Strongly agree,Neutral,Starter,7
F,20,Czech Republic,Czech Republic,No,Agree,Strongly disagree,Strongly agree,Main,7
M,48,Denmark,Czech Republic,Yes,Neutral,Agree,Agree,Dessert,6
F,19,Denmark,Czech Republic,No,Disagree,Strongly agree,Agree,Dessert,2
M,35,Denmark,Czech Republic,Yes,Strongly disagree,Strongly disagree,Strongly agree,Dessert,6
M,54,Denmark,Czech Republic,No,Agree,Disagree,Strongly agree,Main,6
F,23,Denmark,Czech Republic,Yes,Agree,Neutral,Disagree,Dessert,6
F,31,Denmark,Czech Republic,No,Strongly agree,Agree,Agree,Dessert,9
F,55,Denmark,Czech Republic,Yes,Strongly agree,Strongly agree,Strongly agree,Starter,4
M,19,Denmark,Czech Republic,Yes,Disagree,Disagree,Agree,Main,9
F,28,Estonia,Czech Republic,No,Strongly agree,Strongly agree,Strongly agree,Starter,5
NB,29,Estonia,Czech Republic,No,Neutral,Disagree,Neutral,Dessert,4
M,30,Estonia,Denmark,Yes,Agree,Strongly disagree,Agree,Starter,5
F,31,Estonia,Denmark,Yes,Neutral,Disagree,Strongly agree,Dessert,8
M,32,Estonia,Denmark,No,Neutral,Strongly agree,Strongly agree,Starter,6
M,33,Estonia,Denmark,Yes,Strongly agree,Strongly disagree,Disagree,Dessert,3
F,34,Estonia,Denmark,Yes,Agree,Disagree,Disagree,Dessert,6
F,35,Estonia,Denmark,Yes,Strongly agree,Strongly agree,Strongly agree,Main,8
F,36,Estonia,Denmark,Yes,Strongly agree,Agree,Strongly agree,Dessert,8
M,37,Estonia,Denmark,Yes,Agree,Strongly agree,Strongly agree,Main,5
F,38,Estonia,Denmark,Yes,Strongly disagree,Agree,Agree,Starter,7
F,39,Estonia,Denmark,Yes,Agree,Strongly agree,Agree,Dessert,7
M,40,Estonia,Denmark,Yes,Agree,Strongly agree,Agree,Dessert,7
F,41,Estonia,Denmark,Yes,Strongly agree,Agree,Strongly agree,Dessert,10
M,42,Estonia,Denmark,Yes,Strongly agree,Agree,Strongly agree,Dessert,5
M,43,Estonia,Denmark,Yes,Agree,Neutral,Strongly agree,Dessert,4
F,44,Estonia,Denmark,No,Disagree,Disagree,Strongly agree,Dessert,6
F,45,Estonia,Denmark,No,Agree,Strongly disagree,Neutral,Main,4
F,46,Estonia,Denmark,Yes,Strongly agree,Disagree,Strongly agree,Dessert,7
M,47,Estonia,Denmark,Yes,Strongly agree,Strongly disagree,Agree,Dessert,9
F,48,Estonia,Denmark,No,Strongly agree,Neutral,Strongly disagree,Main,1
F,49,Estonia,Denmark,Yes,Strongly disagree,Disagree,Agree,Dessert,5
M,50,Estonia,Denmark,No,Disagree,Strongly agree,Agree,Dessert,7
F,51,Estonia,Denmark,Yes,Strongly agree,Strongly disagree,Strongly agree,Dessert,6
M,52,Estonia,Denmark,No,Disagree,Strongly disagree,Strongly agree,Dessert,6
M,53,Estonia,Denmark,No,Agree,Disagree,Neutral,Dessert,5
F,54,Estonia,Denmark,Yes,Strongly agree,Strongly disagree,Agree,Starter,6
F,55,Estonia,Denmark,Yes,Neutral,Strongly disagree,Disagree,Main,3
F,56,Estonia,Denmark,No,Disagree,Strongly agree,Strongly agree,Dessert,6
M,57,Estonia,Denmark,Yes,Strongly agree,Neutral,Agree,Dessert,5
F,58,Estonia,Denmark,Yes,Neutral,Disagree,Neutral,Starter,2
F,59,Estonia,Denmark,No,Strongly disagree,Disagree,Agree,Starter,7
M,60,Estonia,Denmark,Yes,Agree,Strongly agree,Strongly agree,Main,9
F,61,Estonia,Denmark,Yes,Agree,Strongly agree,Agree,Dessert,6
M,62,Estonia,Denmark,Yes,Neutral,Disagree,Agree,Main,7
NB,63,Estonia,Denmark,Yes,Disagree,Strongly agree,Strongly agree,Dessert,7
F,64,Estonia,Denmark,Yes,Neutral,Agree,Strongly agree,Main,6
F,51,Estonia,Denmark,Yes,Agree,Strongly disagree,Strongly agree,Main,8
F,52,Estonia,Denmark,No,Agree,Disagree,Agree,Main,7
M,53,Estonia,Denmark,Yes,Strongly agree,Disagree,Neutral,Dessert,6
F,54,Estonia,Denmark,Yes,Agree,Disagree,Neutral,Dessert,8
F,55,Estonia,Denmark,No,Strongly agree,Strongly agree,Strongly agree,Main,7
M,56,Estonia,Denmark,No,Neutral,Disagree,Strongly agree,Starter,8
F,57,Estonia,Denmark,Yes,Strongly agree,Disagree,Agree,Dessert,7
M,58,Estonia,Denmark,Yes,Strongly agree,Agree,Strongly agree,Dessert,8
M,59,Estonia,Denmark,No,Strongly agree,Disagree,Agree,Dessert,7
F,60,Estonia,Denmark,No,Agree,Strongly agree,Agree,Main,6
F,61,Estonia,Denmark,No,Strongly disagree,Strongly agree,Neutral,Dessert,7
F,62,Estonia,Denmark,Yes,Agree,Strongly agree,Strongly agree,Dessert,10
M,63,Estonia,Denmark,No,Strongly disagree,Strongly agree,Agree,Dessert,9
F,64,Estonia,Denmark,Yes,Strongly agree,Strongly agree,Agree,Dessert,8
F,17,Estonia,Denmark,Yes,Agree,Strongly disagree,Neutral,Starter,3
M,50,Estonia,Denmark,Yes,Neutral,Strongly disagree,Neutral,Dessert,5
F,36,Estonia,Estonia,No,Agree,Disagree,Strongly agree,Dessert,9
M,44,Estonia,Estonia,Yes,Agree,Strongly agree,Neutral,Main,8
M,36,Estonia,Estonia,No,Strongly agree,Strongly agree,Strongly agree,Starter,6
F,45,Estonia,Estonia,No,Disagree,Disagree,Disagree,Dessert,6
NB,48,Estonia,Estonia,No,Agree,Strongly agree,Strongly agree,Dessert,9
F,40,Estonia,Estonia,Yes,Disagree,Strongly agree,Disagree,Dessert,4
M,50,Estonia,Estonia,No,Strongly disagree,Neutral,Strongly agree,Starter,8
F,45,Finland,Finland,No,Neutral,Strongly agree,Strongly agree,Dessert,10
F,40,Finland,Finland,Yes,Agree,Strongly agree,Strongly agree,Main,9
M,27,Finland,Finland,Yes,Strongly agree,Disagree,Neutral,Starter,7
F,62,Finland,Finland,Yes,Strongly agree,Strongly agree,Agree,Starter,7
M,48,Finland,France,Yes,Agree,Disagree,Agree,Starter,9
M,49,Finland,France,No,Strongly agree,Strongly agree,Neutral,Starter,7
F,45,Finland,France,Yes,Strongly agree,Strongly disagree,Strongly agree,Dessert,10
F,55,Finland,France,Yes,Strongly agree,Strongly disagree,Agree,Dessert,7
F,42,Finland,France,Yes,Strongly agree,Neutral,Disagree,Starter,5
M,49,Finland,France,No,Strongly agree,Agree,Agree,Dessert,9
F,37,Finland,France,Yes,Strongly agree,Strongly agree,Agree,Main,8
F,36,Finland,France,No,Agree,Strongly agree,Disagree,Starter,6
M,34,Finland,France,No,Agree,Agree,Strongly agree,Starter,4
F,31,Finland,France,Yes,Strongly agree,Agree,Agree,Dessert,6
M,55,Finland,France,No,Strongly agree,Strongly disagree,Strongly agree,Dessert,7
M,25,Finland,France,Yes,Strongly agree,Strongly disagree,Strongly agree,Dessert,9
F,54,Finland,France,Yes,Strongly agree,Agree,Agree,Dessert,8
F,53,Finland,France,Yes,Strongly agree,Strongly agree,Strongly agree,Dessert,7
F,43,Finland,France,Yes,Neutral,Agree,Strongly agree,Dessert,8
M,45,Finland,France,No,Disagree,Strongly disagree,Disagree,Dessert,4
F,56,Finland,France,No,Agree,Strongly disagree,Agree,Dessert,6
F,50,Finland,France,No,Disagree,Strongly agree,Disagree,Starter,7
M,47,Finland,France,Yes,Strongly agree,Strongly agree,Strongly agree,Starter,10
F,28,Finland,France,Yes,Strongly agree,Strongly agree,Strongly agree,Main,9
M,41,Finland,France,Yes,Strongly agree,Disagree,Strongly agree,Dessert,8
M,32,Finland,France,No,Agree,Strongly disagree,Strongly agree,Dessert,9
F,48,Finland,France,No,Strongly agree,Disagree,Strongly agree,Dessert,8
F,41,Finland,France,Yes,Neutral,Strongly disagree,Strongly agree,Main,8
M,38,Finland,France,Yes,Neutral,Strongly disagree,Disagree,Main,7
F,39,Finland,France,Yes,Strongly agree,Strongly disagree,Neutral,Dessert,7
F,36,Finland,France,No,Strongly agree,Strongly agree,Strongly agree,Starter,7
M,45,Finland,France,Yes,Agree,Strongly disagree,Agree,Main,6
F,51,Finland,France,Yes,Neutral,Agree,Agree,Dessert,2
M,23,Finland,Georgia,Yes,Disagree,Strongly agree,Strongly agree,Dessert,6
M,48,Finland,Georgia,No,Strongly disagree,Strongly disagree,Strongly agree,Dessert,6
F,32,Finland,Georgia,Yes,Agree,Disagree,Disagree,Main,6
F,69,Finland,Georgia,No,Agree,Neutral,Agree,Dessert,9
F,57,Finland,Georgia,Yes,Strongly agree,Agree,Strongly agree,Dessert,4
M,53,Finland,Georgia,No,Strongly agree,Strongly agree,Agree,Starter,9
F,43,Finland,Georgia,Yes,Disagree,Disagree,Strongly agree,Main,5
NB,47,Finland,Georgia,No,Strongly agree,Strongly agree,Neutral,Starter,4
M,27,Finland,Georgia,Yes,Neutral,Disagree,Agree,Dessert,5
F,46,Finland,Georgia,No,Agree,Strongly disagree,Strongly agree,Starter,8
M,30,Finland,Georgia,Yes,Neutral,Disagree,Strongly agree,Dessert,6
M,56,Finland,Georgia,No,Neutral,Strongly agree,Disagree,Starter,3
F,32,Finland,Georgia,Yes,Strongly agree,Strongly disagree,Disagree,Dessert,6
F,38,Finland,Georgia,No,Agree,Disagree,Strongly agree,Dessert,8
F,54,Finland,Georgia,Yes,Strongly agree,Strongly agree,Strongly agree,Main,8
M,46,Finland,Georgia,No,Strongly agree,Agree,Strongly agree,Dessert,5
F,57,Finland,Georgia,Yes,Agree,Strongly agree,Agree,Main,7
F,35,Finland,Georgia,No,Strongly disagree,Agree,Agree,Starter,7
M,44,Finland,Georgia,Yes,Agree,Strongly agree,Agree,Dessert,7
F,57,Finland,Georgia,No,Agree,Strongly agree,Strongly agree,Dessert,10
M,31,Finland,Georgia,Yes,Strongly agree,Agree,Strongly agree,Dessert,5
M,35,Finland,Georgia,No,Strongly agree,Agree,Strongly agree,Dessert,4
F,36,France,Georgia,Yes,Agree,Neutral,Strongly agree,Dessert,6
F,34,France,Georgia,No,Disagree,Disagree,Neutral,Dessert,4
F,30,France,Georgia,Yes,Agree,Strongly disagree,Strongly agree,Main,7
M,55,France,Georgia,No,Strongly agree,Disagree,Agree,Dessert,9
F,50,France,Georgia,Yes,Strongly agree,Strongly disagree,Strongly disagree,Dessert,1
F,46,France,Georgia,No,Strongly agree,Neutral,Agree,Main,5
M,40,France,Georgia,Yes,Strongly disagree,Disagree,Agree,Dessert,7
F,35,France,Georgia,No,Disagree,Strongly agree,Strongly agree,Dessert,6
M,48,France,Georgia,Yes,Strongly agree,Strongly disagree,Strongly agree,Dessert,6
M,58,France,Georgia,No,Disagree,Strongly disagree,Neutral,Dessert,5
F,39,France,Georgia,Yes,Agree,Disagree,Agree,Dessert,6
F,67,France,Georgia,Yes,Strongly agree,Strongly disagree,Disagree,Starter,3
F,32,France,Georgia,Yes,Neutral,Strongly disagree,Strongly agree,Main,6
M,36,France,Georgia,Yes,Disagree,Strongly agree,Agree,Dessert,5
F,37,France,Georgia,Yes,Strongly agree,Neutral,Neutral,Dessert,2
F,46,France,Georgia,Yes,Neutral,Disagree,Agree,Starter,7
M,39,France,Georgia,Yes,Strongly disagree,Disagree,Strongly agree,Starter,9
F,46,France,Georgia,Yes,Agree,Strongly agree,Agree,Main,6
M,42,France,Georgia,Yes,Agree,Strongly agree,Agree,Dessert,7
NB,43,France,Georgia,Yes,Neutral,Disagree,Strongly agree,Main,7
F,48,France,Georgia,Yes,Disagree,Strongly agree,Strongly agree,Dessert,6
F,46,France,Georgia,No,Neutral,Agree,Strongly agree,Main,8
F,49,France,Georgia,No,Agree,Strongly disagree,Agree,Main,7
M,44,France,Georgia,Yes,Agree,Disagree,Neutral,Main,6
F,29,France,Georgia,Yes,Strongly agree,Disagree,Neutral,Dessert,8
F,43,France,Georgia,No,Agree,Disagree,Strongly agree,Dessert,7
M,57,France,Georgia,Yes,Strongly agree,Strongly agree,Strongly agree,Main,8
F,52,France,Georgia,No,Neutral,Disagree,Agree,Starter,7
M,50,France,Georgia,Yes,Strongly agree,Disagree,Strongly agree,Dessert,8
M,38,France,Georgia,No,Strongly agree,Agree,Agree,Dessert,7
F,20,France,Georgia,No,Strongly agree,Disagree,Agree,Dessert,6
F,48,France,Georgia,Yes,Agree,Strongly agree,Neutral,Main,7
F,19,France,Georgia,Yes,Strongly disagree,Strongly agree,Strongly agree,Dessert,10
M,35,France,Georgia,No,Agree,Strongly agree,Agree,Dessert,9
F,54,France,Georgia,Yes,Strongly disagree,Strongly agree,Agree,Dessert,8
F,23,France,Georgia,Yes,Strongly agree,Strongly agree,Neutral,Dessert,3
M,31,France,Georgia,No,Agree,Strongly disagree,Neutral,Starter,5
F,38,France,Georgia,Yes,Neutral,Strongly disagree,Strongly agree,Dessert,9
M,20,France,Georgia,Yes,Agree,Disagree,Neutral,Dessert,8
M,48,France,Georgia,Yes,Agree,Strongly agree,Strongly agree,Main,6
F,19,France,Georgia,Yes,Strongly agree,Strongly agree,Disagree,Starter,6
NB,35,Georgia,Georgia,Yes,Disagree,Disagree,Strongly agree,Dessert,9
F,54,Georgia,Georgia,Yes,Agree,Strongly agree,Disagree,Dessert,4
M,23,Georgia,Georgia,No,Disagree,Strongly agree,Strongly agree,Dessert,8
F,31,Georgia,Georgia,Yes,Strongly disagree,Neutral,Strongly agree,Starter,10
F,55,Georgia,Georgia,Yes,Neutral,Strongly agree,Strongly agree,Dessert,9
M,19,Georgia,Georgia,No,Agree,Strongly agree,Neutral,Main,7
F,28,Germany,Germany,No,Strongly agree,Disagree,Agree,Starter,7
M,29,Germany,Germany,Yes,Strongly agree,Strongly agree,Agree,Starter,9
M,30,Germany,Germany,Yes,Agree,Disagree,Neutral,Starter,7
F,31,Germany,Germany,No,Strongly agree,Strongly agree,Strongly agree,Starter,10
F,32,Greece,Germany,No,Strongly agree,Strongly disagree,Agree,Dessert,7
F,33,Greece,Germany,No,Strongly agree,Strongly disagree,Disagree,Dessert,5
M,34,Greece,Germany,Yes,Strongly agree,Neutral,Agree,Starter,9
F,35,Greece,Germany,No,Strongly agree,Agree,Agree,Dessert,8
F,36,Greece,Germany,Yes,Strongly agree,Strongly agree,Disagree,Main,6
M,37,Greece,Germany,Yes,Agree,Strongly agree,Strongly agree,Starter,4
F,38,Greece,Germany,Yes,Agree,Agree,Agree,Starter,6
M,39,Greece,Germany,No,Strongly agree,Agree,Strongly agree,Dessert,7
M,40,Greece,Germany,Yes,Strongly agree,Strongly disagree,Strongly agree,Dessert,9
F,41,Greece,Germany,No,Strongly agree,Strongly disagree,Agree,Dessert,8
F,42,Greece,Germany,No,Strongly agree,Agree,Strongly agree,Dessert,7
F,43,Greece,Germany,No,Strongly agree,Strongly agree,Strongly agree,Dessert,8
M,44,Greece,Germany,Yes,Neutral,Agree,Disagree,Dessert,4
F,45,Greece,Germany,No,Disagree,Strongly disagree,Agree,Dessert,6
F,46,Greece,Germany,No,Agree,Strongly disagree,Disagree,Dessert,7
M,47,Greece,Germany,Yes,Disagree,Strongly agree,Strongly agree,Starter,10
F,48,Greece,Germany,Yes,Strongly agree,Strongly agree,Strongly agree,Starter,9
M,49,Greece,Germany,Yes,Strongly agree,Strongly agree,Strongly agree,Main,8
M,50,Greece,Germany,Yes,Strongly agree,Disagree,Strongly agree,Dessert,9
F,51,Greece,Germany,No,Agree,Strongly disagree,Strongly agree,Dessert,8
F,52,Greece,Germany,Yes,Strongly agree,Disagree,Strongly agree,Dessert,8
M,53,Greece,Germany,Yes,Neutral,Strongly disagree,Disagree,Main,7
F,54,Greece,Germany,Yes,Neutral,Strongly disagree,Neutral,Main,7
F,55,Greece,Germany,No,Strongly agree,Strongly disagree,Strongly agree,Dessert,7
M,56,Greece,Germany,Yes,Disagree,Disagree,Agree,Starter,6
F,57,Greece,Germany,No,Strongly agree,Strongly agree,Agree,Main,2
M,58,Greece,Germany,No,Strongly agree,Disagree,Strongly agree,Dessert,6
M,59,Greece,Germany,Yes,Strongly agree,Strongly disagree,Strongly agree,Dessert,6
F,60,Greece,Germany,No,Agree,Disagree,Disagree,Dessert,6
F,61,Greece,Germany,Yes,Strongly agree,Strongly agree,Agree,Main,9
F,62,Greece,Germany,Yes,Neutral,Strongly disagree,Strongly agree,Dessert,4
M,63,Greece,Germany,Yes,Neutral,Disagree,Agree,Dessert,9
F,64,Greece,Germany,Yes,Strongly agree,Strongly agree,Strongly agree,Starter,5
NB,15,Greece,Germany,No,Disagree,Strongly agree,Neutral,Main,4
M,15,Greece,Germany,No,Strongly disagree,Strongly disagree,Agree,Starter,5
F,21,Greece,Germany,No,Agree,Disagree,Strongly agree,Dessert,8
M,29,Greece,Germany,Yes,Agree,Neutral,Strongly agree,Starter,6
M,29,Greece,Germany,Yes,Strongly agree,Agree,Disagree,Dessert,3
F,28,Greece,Germany,Yes,Strongly agree,Strongly agree,Disagree,Starter,6
F,26,Greece,Germany,No,Disagree,Disagree,Strongly agree,Dessert,8
F,25,Greece,Germany,No,Strongly agree,Strongly agree,Strongly agree,Dessert,8
M,50,Greece,Germany,Yes,Neutral,Disagree,Strongly agree,Main,5
F,36,Greece,Germany,Yes,Agree,Strongly disagree,Agree,Dessert,7
F,44,Greece,Germany,Yes,Neutral,Disagree,Agree,Main,7
M,36,Greece,Germany,No,Neutral,Strongly agree,Agree,Starter,7
F,45,Greece,Germany,Yes,Strongly agree,Strongly disagree,Strongly agree,Dessert,10
M,48,Greece,Germany,Yes,Agree,Disagree,Strongly agree,Dessert,5
M,40,Greece,Germany,Yes,Strongly agree,Strongly agree,Strongly agree,Dessert,4
F,50,Greece,Germany,No,Strongly agree,Agree,Strongly agree,Dessert,6
F,45,Greece,Germany,Yes,Agree,Strongly agree,Neutral,Dessert,4
F,40,Greece,Germany,No,Strongly disagree,Agree,Strongly agree,Dessert,7
M,27,Greece,Germany,Yes,Agree,Strongly agree,Agree,Main,9
F,62,Greece,Germany,No,Agree,Strongly agree,Strongly disagree,Dessert,1
F,48,Greece,Germany,Yes,Strongly agree,Agree,Agree,Dessert,5
M,49,Greece,Germany,No,Strongly agree,Agree,Agree,Main,7
F,45,Greece,Germany,Yes,Agree,Neutral,Strongly agree,Dessert,6
M,55,Greece,Greece,No,Disagree,Disagree,Strongly agree,Dessert,6
M,42,Greece,Greece,Yes,Agree,Strongly disagree,Neutral,Dessert,5
F,49,Greece,Greece,No,Strongly agree,Disagree,Agree,Dessert,6
F,37,Hungary,Greece,Yes,Strongly agree,Strongly disagree,Disagree,Dessert,3
F,36,Hungary,Greece,No,Strongly agree,Neutral,Strongly agree,Starter,6
M,34,Hungary,Greece,Yes,Strongly disagree,Disagree,Agree,Main,5
F,31,Hungary,Greece,No,Disagree,Strongly agree,Neutral,Dessert,2
F,55,Hungary,Greece,Yes,Strongly agree,Strongly disagree,Agree,Dessert,7
M,25,Hungary,Greece,No,Disagree,Strongly disagree,Strongly agree,Starter,9
F,54,Hungary,Greece,Yes,Agree,Disagree,Agree,Starter,6
M,53,Hungary,Greece,No,Strongly agree,Strongly disagree,Agree,Main,7
NB,43,Hungary,Hungary,Yes,Neutral,Strongly disagree,Strongly agree,Dessert,7
F,45,Hungary,Hungary,No,Disagree,Strongly agree,Strongly agree,Main,6
F,56,Hungary,Hungary,Yes,Strongly agree,Neutral,Strongly agree,Dessert,8
F,50,Hungary,Hungary,Yes,Neutral,Disagree,Agree,Main,7
M,47,Iceland,Iceland,No,Strongly disagree,Disagree,Neutral,Main,6
F,28,Iceland,Iceland,No,Agree,Strongly agree,Neutral,Main,8
F,41,Iceland,Ireland,Yes,Agree,Strongly agree,Strongly agree,Dessert,7
M,32,Iceland,Ireland,Yes,Neutral,Disagree,Strongly agree,Dessert,8
F,48,Iceland,Ireland,No,Disagree,Strongly agree,Agree,Main,7
M,41,Iceland,Ireland,Yes,Neutral,Agree,Strongly agree,Starter,8
M,38,Iceland,Ireland,Yes,Agree,Strongly disagree,Agree,Dessert,7
F,39,Iceland,Ireland,Yes,Agree,Disagree,Agree,Dessert,6
F,36,Iceland,Ireland,Yes,Strongly agree,Disagree,Neutral,Dessert,7
F,45,Iceland,Ireland,Yes,Agree,Disagree,Strongly agree,Main,10
M,51,Iceland,Ireland,Yes,Strongly agree,Strongly agree,Agree,Dessert,9
F,23,Iceland,Ireland,Yes,Neutral,Disagree,Agree,Dessert,8
F,48,Iceland,Ireland,Yes,Strongly agree,Disagree,Neutral,Dessert,3
M,32,Ireland,Ireland,Yes,Strongly agree,Agree,Neutral,Dessert,5
F,69,Ireland,Ireland,Yes,Strongly agree,Disagree,Strongly agree,Starter,9
M,57,Ireland,Italy,Yes,Agree,Strongly agree,Neutral,Dessert,8
M,53,Ireland,Italy,No,Strongly disagree,Strongly agree,Strongly agree,Dessert,6
F,43,Ireland,Italy,No,Agree,Strongly agree,Disagree,Main,6
NB,47,Ireland,Italy,Yes,Strongly disagree,Strongly agree,Strongly agree,Starter,9
F,27,Ireland,Italy,Yes,Strongly agree,Strongly agree,Disagree,Dessert,4
M,46,Ireland,Italy,No,Agree,Strongly disagree,Strongly agree,Dessert,8
F,30,Ireland,Italy,Yes,Neutral,Strongly disagree,Strongly agree,Dessert,10
F,56,Ireland,Italy,No,Agree,Disagree,Strongly agree,Starter,9
M,32,Ireland,Italy,Yes,Agree,Strongly agree,Neutral,Dessert,7
F,38,Ireland,Italy,No,Strongly agree,Strongly agree,Agree,Main,7
M,54,Ireland,Italy,No,Disagree,Disagree,Agree,Starter,9
M,46,Ireland,Italy,Yes,Agree,Strongly agree,Neutral,Starter,7
F,57,Ireland,Italy,Yes,Disagree,Strongly agree,Strongly agree,Starter,10
F,35,Ireland,Italy,No,Strongly disagree,Neutral,Agree,Starter,7
F,44,Ireland,Italy,Yes,Neutral,Strongly agree,Disagree,Dessert,5
M,57,Ireland,Italy,Yes,Agree,Strongly agree,Agree,Dessert,9
F,31,Italy,Italy,No,Strongly agree,Disagree,Agree,Starter,8
F,35,Italy,Italy,Yes,Strongly agree,Strongly agree,Disagree,Dessert,6
M,36,Italy,Italy,Yes,Agree,Disagree,Strongly agree,Main,4
F,34,Italy,Italy,Yes,Strongly agree,Strongly agree,Agree,Starter,6
M,30,Italy,Italy,Yes,Strongly agree,Strongly disagree,Strongly agree,Starter,7
M,55,Italy,Italy,Yes,Strongly agree,Strongly disagree,Strongly agree,Dessert,9
F,50,Italy,Italy,Yes,Strongly agree,Neutral,Agree,Dessert,8
F,46,Italy,Italy,No,Strongly agree,Agree,Strongly agree,Dessert,7
F,40,Italy,Italy,Yes,Strongly agree,Strongly agree,Strongly agree,Dessert,8
M,35,Kazakhstan,Italy,Yes,Agree,Strongly agree,Disagree,Dessert,4
F,48,Kazakhstan,Italy,No,Agree,Agree,Agree,Dessert,6
F,58,Kazakhstan,Italy,No,Strongly agree,Agree,Disagree,Dessert,7
M,39,Kazakhstan,Italy,Yes,Strongly agree,Strongly disagree,Strongly agree,Dessert,10
F,67,Kazakhstan,Italy,Yes,Strongly agree,Strongly disagree,Strongly agree,Starter,9
M,32,Kazakhstan,Italy,No,Strongly agree,Agree,Strongly agree,Starter,8
M,36,Kazakhstan,Italy,No,Strongly agree,Strongly agree,Strongly agree,Main,9
F,37,Kazakhstan,Italy,No,Neutral,Agree,Strongly agree,Dessert,8
F,46,Kazakhstan,Italy,Yes,Disagree,Strongly disagree,Strongly agree,Dessert,8
M,39,Kazakhstan,Italy,No,Agree,Strongly disagree,Disagree,Dessert,7
F,46,Kazakhstan,Italy,Yes,Disagree,Strongly agree,Neutral,Main,7
F,42,Kazakhstan,Italy,Yes,Strongly agree,Strongly agree,Strongly agree,Main,7
M,43,Kazakhstan,Italy,Yes,Strongly agree,Strongly agree,Agree,Dessert,6
F,48,Kazakhstan,Italy,No,Strongly agree,Disagree,Agree,Starter,2
M,46,Kazakhstan,Italy,Yes,Agree,Strongly disagree,Strongly agree,Main,6
M,49,Kazakhstan,Italy,No,Strongly agree,Disagree,Strongly agree,Dessert,6
F,44,Kazakhstan,Kazakhstan,No,Neutral,Strongly disagree,Disagree,Dessert,6
F,29,Moldova,Moldova,No,Neutral,Strongly disagree,Agree,Dessert,9
F,43,Norway,Norway,Yes,Disagree,Strongly disagree,Strongly agree,Main,4
M,57,Norway,Norway,No,Strongly agree,Disagree,Agree,Dessert,9
F,52,Norway,Norway,No,Strongly agree,Strongly agree,Strongly agree,Dessert,5
NB,50,Norway,Norway,Yes,Strongly agree,Disagree,Neutral,Starter,4
M,38,Norway,Norway,Yes,Agree,Strongly disagree,Agree,Main,5
F,20,Norway,Norway,Yes,Strongly agree,Disagree,Strongly agree,Starter,8
M,48,Norway,Norway,Yes,Neutral,Strongly agree,Strongly agree,Dessert,6
M,19,Norway,Norway,No,Neutral,Strongly disagree,Disagree,Starter,3
F,35,Poland,Norway,Yes,Strongly agree,Disagree,Disagree,Dessert,6
F,54,Poland,Norway,Yes,Agree,Strongly agree,Strongly agree,Starter,8
F,23,Poland,Norway,Yes,Agree,Strongly disagree,Strongly agree,Dessert,8
M,31,Poland,Norway,No,Strongly agree,Agree,Strongly agree,Dessert,5
F,38,Poland,Norway,Yes,Strongly agree,Strongly agree,Agree,Main,7
F,20,Poland,Norway,No,Disagree,Strongly disagree,Agree,Dessert,7
M,48,Poland,Norway,No,Strongly agree,Disagree,Agree,Main,7
F,19,Poland,Norway,Yes,Neutral,Neutral,Strongly agree,Starter,10
M,35,Poland,Poland,No,Agree,Agree,Strongly agree,Dessert,5
M,54,Poland,Poland,Yes,Neutral,Strongly agree,Strongly agree,Dessert,4
F,23,Poland,Poland,Yes,Neutral,Disagree,Strongly agree,Dessert,6
F,31,Poland,Poland,Yes,Strongly agree,Strongly agree,Neutral,Dessert,4
F,55,Poland,Poland,Yes,Agree,Disagree,Strongly agree,Dessert,7
M,19,Poland,Poland,No,Strongly agree,Strongly disagree,Agree,Dessert,9
F,28,Poland,Poland,No,Strongly agree,Disagree,Strongly disagree,Main,1
F,29,Poland,Poland,No,Agree,Strongly agree,Agree,Dessert,5
M,30,Portugal,Portugal,Yes,Strongly disagree,Strongly disagree,Agree,Dessert,7
F,31,Portugal,Portugal,Yes,Agree,Disagree,Strongly agree,Main,6
M,32,Portugal,Portugal,Yes,Agree,Strongly agree,Strongly agree,Dessert,6
M,33,Portugal,Portugal,No,Strongly agree,Agree,Neutral,Dessert,5
F,34,Portugal,Portugal,No,Strongly agree,Strongly agree,Agree,Dessert,6
F,35,Portugal,Portugal,Yes,Agree,Agree,Disagree,Dessert,3
F,36,Portugal,Portugal,Yes,Disagree,Strongly agree,Strongly agree,Dessert,6
M,37,Portugal,Portugal,Yes,Agree,Strongly agree,Agree,Starter,5
F,38,Portugal,Portugal,No,Strongly agree,Agree,Neutral,Main,2
F,39,Portugal,Spain,Yes,Strongly agree,Agree,Agree,Dessert,7
M,40,Portugal,Spain,Yes,Strongly agree,Neutral,Strongly agree,Dessert,9
F,41,Portugal,Spain,Yes,Strongly disagree,Disagree,Agree,Starter,6
M,42,Portugal,Spain,No,Disagree,Strongly disagree,Agree,Starter,7
NB,43,Portugal,Spain,Yes,Strongly agree,Disagree,Strongly agree,Main,7
F,44,Portugal,Spain,No,Disagree,Strongly disagree,Strongly agree,Dessert,6
F,45,Portugal,Spain,Yes,Agree,Neutral,Strongly agree,Main,8
F,46,Portugal,Spain,No,Strongly agree,Disagree,Agree,Dessert,7
M,47,Portugal,Spain,Yes,Neutral,Strongly agree,Neutral,Main,6
F,48,Portugal,Spain,No,Disagree,Strongly disagree,Neutral,Main,8
F,49,Portugal,Spain,Yes,Strongly agree,Strongly disagree,Strongly agree,Main,7
M,50,Portugal,Spain,No,Neutral,Disagree,Strongly agree,Dessert,8
F,51,Portugal,Spain,Yes,Strongly disagree,Strongly disagree,Agree,Dessert,7
M,52,Portugal,Spain,No,Agree,Strongly disagree,Strongly agree,Main,8
M,53,Portugal,Spain,Yes,Agree,Strongly agree,Agree,Starter,7
F,54,Portugal,Spain,No,Neutral,Neutral,Agree,Dessert,6
F,55,Portugal,Spain,No,Disagree,Disagree,Neutral,Dessert,7
F,56,Portugal,Spain,Yes,Neutral,Disagree,Strongly agree,Dessert,10
M,57,Portugal,Spain,No,Agree,Strongly agree,Agree,Main,9
F,58,Portugal,Spain,Yes,Agree,Strongly agree,Agree,Dessert,8
F,59,Portugal,Spain,No,Strongly agree,Disagree,Neutral,Dessert,3
M,60,Portugal,Spain,No,Agree,Strongly agree,Neutral,Dessert,5
F,61,Portugal,Spain,No,Strongly agree,Agree,Strongly agree,Dessert,9
M,62,Portugal,Spain,Yes,Neutral,Strongly disagree,Neutral,Starter,8
M,63,Portugal,Spain,Yes,Strongly agree,Disagree,Strongly agree,Dessert,6
F,64,Portugal,Spain,No,Strongly agree,Disagree,Disagree,Dessert,6
NB,18,Portugal,Spain,Yes,Strongly agree,Disagree,Strongly agree,Main,9
F,19,Portugal,Spain,Yes,Agree,Strongly agree,Disagree,Starter,4
M,16,Portugal,Spain,Yes,Strongly disagree,Disagree,Strongly agree,Dessert,8
F,15,Portugal,Spain,Yes,Agree,Disagree,Strongly agree,Dessert,10
F,16,Portugal,Spain,Yes,Strongly disagree,Agree,Strongly agree,Dessert,9
M,15,Portugal,Spain,Yes,Strongly agree,Disagree,Neutral,Starter,7
F,15,Portugal,Spain,Yes,Agree,Strongly agree,Agree,Dessert,7
M,20,Portugal,Spain,Yes,Neutral,Strongly agree,Agree,Main,9
M,22,Portugal,Spain,Yes,Agree,Strongly agree,Neutral,Starter,7
F,24,Portugal,Spain,Yes,Agree,Strongly agree,Strongly agree,Starter,10
F,50,Portugal,Spain,Yes,Strongly agree,Strongly agree,Agree,Starter,7
F,36,Portugal,Spain,No,Disagree,Strongly disagree,Disagree,Starter,5
M,44,Portugal,Spain,No,Agree,Strongly disagree,Agree,Dessert,9
F,36,Portugal,Spain,Yes,Disagree,Disagree,Agree,Dessert,8
F,45,Portugal,Spain,Yes,Strongly disagree,Strongly agree,Disagree,Starter,6
M,48,Portugal,Spain,No,Neutral,Strongly agree,Strongly agree,Dessert,4
F,40,Portugal,Spain,Yes,Agree,Disagree,Agree,Main,6
M,50,Portugal,Spain,No,Strongly agree,Strongly agree,Strongly agree,Starter,7
M,45,Portugal,Spain,Yes,Strongly agree,Strongly agree,Strongly agree,Starter,9
F,40,Portugal,Spain,No,Agree,Neutral,Agree,Dessert,8
F,27,Portugal,Spain,No,Strongly agree,Strongly agree,Strongly agree,Dessert,7
F,62,Portugal,Spain,Yes,Strongly agree,Strongly agree,Strongly agree,Dessert,8
M,48,Portugal,Spain,Yes,Strongly agree,Disagree,Disagree,Dessert,4
F,49,Portugal,Spain,No,Strongly agree,Strongly agree,Agree,Dessert,6
F,45,Portugal,Spain,Yes,Strongly agree,Disagree,Disagree,Dessert,7
M,55,Portugal,Spain,Yes,Strongly agree,Strongly agree,Strongly agree,Dessert,10
F,42,Portugal,Spain,No,Agree,Strongly disagree,Strongly agree,Dessert,9
M,49,Portugal,Spain,Yes,Agree,Strongly disagree,Strongly agree,Starter,8
M,37,Portugal,Spain,Yes,Strongly agree,Neutral,Strongly agree,Starter,9
F,36,Portugal,Spain,Yes,Strongly agree,Agree,Strongly agree,Main,8
F,34,Portugal,Spain,Yes,Strongly agree,Strongly agree,Strongly agree,Dessert,8
M,31,Portugal,Spain,Yes,Strongly agree,Strongly agree,Disagree,Dessert,7
F,55,Portugal,Spain,Yes,Strongly agree,Agree,Neutral,Dessert,7
F,25,Portugal,Spain,No,Neutral,Agree,Strongly agree,Main,7
M,54,Portugal,Spain,Yes,Disagree,Strongly disagree,Agree,Main,6
F,53,Portugal,Spain,Yes,Agree,Strongly disagree,Agree,Dessert,2
M,43,Portugal,Spain,No,Disagree,Agree,Strongly agree,Starter,6
M,45,Portugal,Spain,No,Strongly agree,Strongly agree,Strongly agree,Main,6
F,56,Portugal,Spain,Yes,Strongly agree,Agree,Disagree,Dessert,6
F,50,Portugal,Spain,Yes,Strongly agree,Strongly disagree,Agree,Dessert,9
F,47,Portugal,Spain,No,Agree,Strongly disagree,Strongly agree,Dessert,4
M,28,Portugal,Spain,No,Strongly agree,Strongly agree,Agree,Main,9
F,41,Portugal,Spain,No,Neutral,Strongly agree,Strongly agree,Dessert,5
NB,32,Portugal,Spain,Yes,Neutral,Strongly agree,Neutral,Main,4
M,48,Portugal,Spain,No,Strongly agree,Disagree,Agree,Dessert,5
F,41,Portugal,Spain,Yes,Disagree,Strongly disagree,Strongly agree,Dessert,8
M,38,Portugal,Spain,Yes,Strongly agree,Disagree,Strongly agree,Dessert,6
M,39,Portugal,Spain,Yes,Strongly agree,Strongly disagree,Disagree,Main,3
F,36,Portugal,Spain,No,Strongly agree,Strongly disagree,Disagree,Dessert,6
F,45,Portugal,Spain,Yes,Agree,Strongly disagree,Strongly agree,Dessert,8
F,51,Portugal,Spain,No,Strongly agree,Disagree,Strongly agree,Starter,8
M,23,Portugal,Spain,No,Neutral,Strongly agree,Strongly agree,Main,5
F,48,Portugal,Spain,No,Neutral,Disagree,Agree,Starter,7
F,32,Portugal,Spain,Yes,Strongly agree,Strongly disagree,Agree,Dessert,7
M,69,Portugal,Spain,No,Strongly agree,Disagree,Agree,Starter,7
F,57,Portugal,Spain,No,Strongly agree,Strongly agree,Strongly agree,Dessert,10
M,53,Portugal,Spain,Yes,Disagree,Strongly disagree,Strongly agree,Starter,5
M,43,Portugal,Spain,Yes,Strongly agree,Disagree,Strongly agree,Dessert,4
F,47,Portugal,Spain,Yes,Neutral,Strongly agree,Strongly agree,Dessert,6
F,27,Portugal,Spain,Yes,Agree,Strongly disagree,Neutral,Main,4
F,46,Portugal,Spain,No,Neutral,Disagree,Strongly agree,Dessert,7
M,30,Portugal,Spain,Yes,Neutral,Neutral,Agree,Main,9
F,56,Portugal,Spain,Yes,Strongly agree,Agree,Strongly disagree,Starter,1
F,32,Portugal,Spain,Yes,Agree,Strongly agree,Agree,Dessert,5
M,38,Portugal,Spain,No,Strongly agree,Disagree,Agree,Dessert,7
F,54,Portugal,Spain,Yes,Strongly agree,Strongly agree,Strongly agree,Dessert,6
M,46,Spain,Spain,No,Agree,Disagree,Strongly agree,Dessert,6
M,57,Spain,Spain,No,Strongly disagree,Strongly disagree,Neutral,Dessert,5
F,35,Spain,Spain,Yes,Agree,Disagree,Agree,Dessert,6
F,44,Spain,Spain,No,Agree,Strongly agree,Disagree,Main,3
F,57,Spain,Spain,Yes,Strongly agree,Strongly disagree,Strongly agree,Dessert,6
M,31,Sweden,Spain,Yes,Strongly agree,Disagree,Agree,Dessert,5
F,35,Sweden,Spain,Yes,Agree,Strongly agree,Neutral,Main,2
F,36,Sweden,Sweden,Yes,Disagree,Agree,Agree,Dessert,7
M,34,Sweden,Sweden,No,Agree,Strongly agree,Strongly agree,Dessert,9
F,30,Sweden,Sweden,No,Strongly agree,Agree,Agree,Dessert,6
M,55,Sweden,Sweden,No,Strongly agree,Strongly agree,Agree,Dessert,7
NB,50,Sweden,Sweden,Yes,Strongly agree,Strongly agree,Strongly agree,Dessert,7
F,46,Sweden,Sweden,Yes,Strongly disagree,Agree,Strongly agree,Starter,6
F,40,Sweden,Sweden,Yes,Disagree,Agree,Strongly agree,Main,8
F,35,Sweden,Sweden,No,Strongly agree,Neutral,Agree,Dessert,7
M,48,Sweden,Sweden,No,Disagree,Disagree,Neutral,Dessert,6
F,58,Sweden,Sweden,Yes,Agree,Strongly disagree,Neutral,Starter,8
F,39,Switzerland,Switzerland,Yes,Strongly agree,Disagree,Strongly agree,Starter,7
M,67,Switzerland,Switzerland,Yes,Neutral,Strongly disagree,Strongly agree,Main,8
F,32,Switzerland,Switzerland,No,Disagree,Neutral,Agree,Dessert,7
M,36,Switzerland,Switzerland,Yes,Strongly agree,Disagree,Strongly agree,Main,8
M,37,Switzerland,Switzerland,Yes,Neutral,Strongly agree,Agree,Dessert,7
F,46,Switzerland,Switzerland,Yes,Strongly disagree,Strongly disagree,Agree,Main,6
F,39,Switzerland,Turkey,No,Agree,Strongly disagree,Neutral,Main,7
F,46,Switzerland,Turkey,Yes,Agree,Disagree,Strongly agree,Main,10
M,42,Switzerland,Turkey,No,Neutral,Strongly disagree,Agree,Dessert,9
F,43,Switzerland,Turkey,Yes,Disagree,Strongly disagree,Agree,Dessert,8
F,48,Switzerland,Turkey,No,Neutral,Strongly agree,Neutral,Main,3
M,46,Switzerland,Turkey,Yes,Agree,Neutral,Neutral,Starter,5
F,49,Switzerland,Turkey,No,Agree,Disagree,Strongly agree,Dessert,9
M,44,Turkey,Turkey,Yes,Strongly agree,Disagree,Neutral,Dessert,8
M,29,Turkey,Turkey,No,Agree,Strongly agree,Strongly agree,Dessert,6
F,43,Turkey,Turkey,Yes,Strongly agree,Strongly agree,Disagree,Main,6
NB,57,Turkey,Turkey,No,Neutral,Disagree,Strongly agree,Dessert,9
F,52,Ukraine,Turkey,No,Strongly agree,Strongly agree,Disagree,Dessert,4
M,50,Ukraine,Ukraine,Yes,Strongly agree,Agree,Strongly agree,Dessert,8
F,38,Ukraine,Ukraine,Yes,Strongly agree,Strongly disagree,Strongly agree,Dessert,10
F,20,Ukraine,Ukraine,No,Agree,Disagree,Strongly agree,Starter,9
M,48,Ukraine,Ukraine,Yes,Strongly disagree,Disagree,Neutral,Dessert,7
F,19,Ukraine,Ukraine,Yes,Agree,Disagree,Agree,Dessert,7
M,35,Ukraine,Ukraine,Yes,Strongly disagree,Strongly agree,Agree,Main,9
M,54,Ukraine,Ukraine,Yes,Strongly agree,Disagree,Neutral,Starter,7
F,23,Ukraine,Ukraine,Yes,Agree,Disagree,Strongly agree,Dessert,10
F,31,Ukraine,Ukraine,Yes,Neutral,Agree,Agree,Dessert,7
F,38,Ukraine,Ukraine,Yes,Agree,Disagree,Disagree,Dessert,5
M,20,Ukraine,Ukraine,Yes,Agree,Strongly agree,Agree,Starter,9
F,48,Ukraine,United Kingdom,Yes,Strongly agree,Strongly agree,Agree,Dessert,8
F,19,Ukraine,United Kingdom,Yes,Disagree,Strongly agree,Disagree,Main,6
M,35,Ukraine,United Kingdom,Yes,Agree,Strongly agree,Strongly agree,Starter,4
F,54,Ukraine,United Kingdom,No,Disagree,Strongly agree,Agree,Starter,6
M,23,Ukraine,United Kingdom,No,Strongly disagree,Strongly disagree,Strongly agree,Starter,7
M,31,Ukraine,United Kingdom,Yes,Neutral,Strongly disagree,Strongly agree,Starter,9
F,55,Ukraine,United Kingdom,Yes,Agree,Disagree,Agree,Dessert,8
F,19,Ukraine,United Kingdom,No,Strongly agree,Strongly agree,Strongly agree,Dessert,7
F,28,Ukraine,United Kingdom,Yes,Strongly agree,Strongly agree,Strongly agree,Starter,8
M,29,Ukraine,United Kingdom,No,Agree,Disagree,Disagree,Dessert,4
F,30,Ukraine,United Kingdom,Yes,Strongly agree,Strongly agree,Agree,Main,6
F,31,Ukraine,United Kingdom,No,Strongly agree,Strongly agree,Disagree,Starter,7
M,32,Ukraine,United Kingdom,No,Strongly agree,Neutral,Strongly agree,Starter,10
F,33,Ukraine,United Kingdom,Yes,Strongly agree,Strongly agree,Strongly agree,Dessert,9
M,34,Ukraine,United Kingdom,Yes,Strongly agree,Strongly agree,Strongly agree,Dessert,8
M,35,Ukraine,United Kingdom,No,Strongly agree,Disagree,Strongly agree,Dessert,9
F,36,Ukraine,United Kingdom,Yes,Agree,Strongly agree,Strongly agree,Dessert,8
F,37,Ukraine,United Kingdom,Yes,Agree,Disagree,Strongly agree,Dessert,8
M,38,Ukraine,United Kingdom,No,Strongly agree,Strongly agree,Disagree,Dessert,7
F,39,Ukraine,United Kingdom,Yes,Strongly agree,Strongly disagree,Neutral,Dessert,7
F,40,Ukraine,United Kingdom,Yes,Strongly agree,Strongly disagree,Strongly agree,Dessert,7
M,41,Ukraine,United Kingdom,Yes,Strongly agree,Neutral,Agree,Starter,6
F,42,Ukraine,United Kingdom,Yes,Strongly agree,Agree,Agree,Starter,2
M,43,Ukraine,United Kingdom,Yes,Neutral,Strongly agree,Strongly agree,Main,6
M,44,Ukraine,United Kingdom,Yes,Disagree,Strongly agree,Strongly agree,Dessert,6
F,45,Ukraine,United Kingdom,No,Agree,Agree,Disagree,Dessert,6
F,46,Ukraine,United Kingdom,Yes,Disagree,Agree,Agree,Dessert,9
F,47,Ukraine,United Kingdom,Yes,Strongly agree,Strongly disagree,Strongly agree,Main,4
M,48,Ukraine,United Kingdom,No,Strongly agree,Strongly disagree,Agree,Main,9
F,49,Ukraine,United Kingdom,No,Strongly agree,Agree,Strongly agree,Dessert,5
NB,50,Ukraine,United Kingdom,Yes,Agree,Strongly agree,Neutral,Starter,4
M,51,Ukraine,United Kingdom,Yes,Strongly agree,Agree,Agree,Main,5
F,52,Ukraine,United Kingdom,No,Neutral,Strongly disagree,Strongly agree,Dessert,8
M,53,Ukraine,United Kingdom,No,Neutral,Strongly disagree,Strongly agree,Dessert,6
M,54,Ukraine,United Kingdom,No,Strongly agree,Strongly agree,Disagree,Dessert,3
F,55,Ukraine,United Kingdom,Yes,Disagree,Strongly agree,Disagree,Main,6
F,56,Ukraine,United Kingdom,No,Strongly agree,Strongly agree,Strongly agree,Main,8
F,57,Ukraine,United Kingdom,Yes,Strongly agree,Disagree,Strongly agree,Dessert,8
M,58,Ukraine,United Kingdom,Yes,Strongly agree,Strongly disagree,Strongly agree,Dessert,5
F,59,Ukraine,United Kingdom,Yes,Agree,Disagree,Agree,Dessert,7
F,60,Ukraine,United Kingdom,No,Strongly agree,Strongly disagree,Agree,Main,7
M,61,Ukraine,United Kingdom,Yes,Neutral,Strongly disagree,Agree,Dessert,7
F,62,Ukraine,United Kingdom,No,Neutral,Strongly disagree,Strongly agree,Dessert,10
M,63,Ukraine,United Kingdom,No,Strongly agree,Agree,Strongly agree,Starter,5
M,64,Ukraine,United Kingdom,No,Disagree,Strongly agree,Strongly agree,Main,4
F,72,Ukraine,United Kingdom,Yes,Strongly disagree,Agree,Strongly agree,Starter,6
F,71,Ukraine,United Kingdom,No,Agree,Strongly disagree,Neutral,Dessert,4
F,69,Ukraine,United Kingdom,No,Agree,Agree,Strongly agree,Starter,7
M,68,Ukraine,United Kingdom,Yes,Strongly agree,Strongly agree,Agree,Dessert,9
F,66,Ukraine,United Kingdom,Yes,Strongly agree,Strongly disagree,Strongly disagree,Starter,1
F,65,Ukraine,United Kingdom,Yes,Disagree,Disagree,Agree,Dessert,5
M,50,Ukraine,United Kingdom,Yes,Strongly agree,Neutral,Agree,Dessert,7
F,36,Ukraine,United Kingdom,No,Neutral,Agree,Strongly agree,Main,6
M,44,Ukraine,United Kingdom,Yes,Agree,Strongly agree,Strongly agree,Dessert,6
M,36,Ukraine,United Kingdom,Yes,Neutral,Disagree,Neutral,Main,5
F,45,Ukraine,United Kingdom,Yes,Neutral,Strongly agree,Agree,Starter,6
F,48,Ukraine,United Kingdom,No,Strongly agree,Disagree,Disagree,Dessert,3
F,40,Ukraine,United Kingdom,Yes,Agree,Strongly disagree,Strongly agree,Dessert,6
M,50,Ukraine,United Kingdom,No,Strongly agree,Disagree,Agree,Dessert,5
F,45,Ukraine,United Kingdom,No,Strongly agree,Strongly agree,Neutral,Dessert,2
F,40,Ukraine,United Kingdom,Yes,Agree,Strongly disagree,Agree,Dessert,7
M,27,Ukraine,United Kingdom,No,Strongly disagree,Disagree,Strongly agree,Dessert,9
F,62,Ukraine,United Kingdom,Yes,Agree,Strongly agree,Agree,Main,6
M,48,Ukraine,United Kingdom,Yes,Agree,Agree,Agree,Dessert,7
NB,49,Ukraine,United Kingdom,Yes,Strongly agree,Strongly agree,Strongly agree,Dessert,7
F,45,Ukraine,United Kingdom,Yes,Strongly agree,Agree,Strongly agree,Main,6
F,55,Ukraine,United Kingdom,No,Agree,Strongly agree,Strongly agree,Dessert,8
F,42,Ukraine,United Kingdom,No,Disagree,Strongly agree,Agree,Dessert,7
M,49,Ukraine,United Kingdom,No,Agree,Agree,Neutral,Dessert,6
F,37,Ukraine,United Kingdom,Yes,Strongly agree,Agree,Neutral,Dessert,8
F,36,Ukraine,United Kingdom,Yes,Strongly agree,Neutral,Strongly agree,Dessert,7
M,34,Ukraine,United Kingdom,Yes,Strongly agree,Disagree,Strongly agree,Starter,8
F,31,Ukraine,United Kingdom,No,Strongly disagree,Strongly disagree,Agree,Main,7
M,55,Ukraine,United Kingdom,No,Disagree,Disagree,Strongly agree,Dessert,8
M,25,United Kingdom,United Kingdom,Yes,Strongly agree,Strongly disagree,Agree,Dessert,7
F,54,United Kingdom,United Kingdom,Yes,Disagree,Neutral,Agree,Starter,6
F,53,United Kingdom,United Kingdom,Yes,Agree,Disagree,Neutral,Starter,7
F,43,United Kingdom,United Kingdom,No,Strongly agree,Strongly agree,Strongly agree,Main,10
M,45,United Kingdom,United Kingdom,Yes,Neutral,Strongly disagree,Agree,Dessert,9
F,56,United Kingdom,United Kingdom,Yes,Disagree,Strongly disagree,Agree,Main,8
F,50,United Kingdom,United Kingdom,Yes,Strongly agree,Disagree,Neutral,Dessert,3
M,47,United Kingdom,United Kingdom,No,Neutral,Strongly disagree,Neutral,Main,5
F,28,United Kingdom,United Kingdom,Yes,Strongly disagree,Strongly disagree,Strongly agree,Main,9
M,41,United Kingdom,United Kingdom,No,Agree,Strongly agree,Neutral,Main,8
M,32,United Kingdom,United Kingdom,Yes,Agree,Neutral,Strongly agree,Dessert,6
